<?xml version="1.0" encoding="utf-8"?>
<FormStatePersist xmlns:xsd="http://www.w3.org/2001/XMLSchema" xmlns:xsi="http://www.w3.org/2001/XMLSchema-instance">
  <Size>
    <Width>0</Width>
    <Height>0</Height>
  </Size>
  <Location>
    <X>2225</X>
    <Y>156</Y>
  </Location>
  <SplitterLocations>
    <SplitterLocation>
      <Name>Rev History</Name>
      <Location>
        <X>0</X>
        <Y>248</Y>
      </Location>
    </SplitterLocation>
    <SplitterLocation>
      <Name>PDF Print</Name>
      <Location>
        <X>0</X>
        <Y>515</Y>
      </Location>
    </SplitterLocation>
  </SplitterLocations>
</FormStatePersist>