<?xml version="1.0" encoding="utf-8"?>
<FormSpecification xmlns:xsd="http://www.w3.org/2001/XMLSchema" xmlns:xsi="http://www.w3.org/2001/XMLSchema-instance">
  <Name>ECCN Selector</Name>
  <Font>
    <Size>0</Size>
    <Bold>false</Bold>
    <Italic>false</Italic>
  </Font>
  <ContentsFont>
    <Size>0</Size>
    <Bold>false</Bold>
    <Italic>false</Italic>
  </ContentsFont>
  <ContentsTextLocation>Left</ContentsTextLocation>
  <Items>
    <UiElementSpec xsi:type="MultiValueTextParameterControlSpec">
      <Name>Select ECCN</Name>
      <ToolTip />
      <Font>
        <FamilyName />
        <Size>0</Size>
        <Bold>false</Bold>
        <Italic>false</Italic>
      </Font>
      <TextLocation>Left</TextLocation>
      <ReadOnly>false</ReadOnly>
      <AlwaysReadOnly>false</AlwaysReadOnly>
      <ParameterName>ECCN</ParameterName>
      <EditControlType>ComboBox</EditControlType>
      <AllowCustomValues>false</AllowCustomValues>
      <MinimumItemsToShow>2</MinimumItemsToShow>
      <RadioGroupColumnCount>1</RadioGroupColumnCount>
    </UiElementSpec>
  </Items>
  <StyleAndSkinName>
    <StyleName>Default</StyleName>
  </StyleAndSkinName>
  <AllowCustomization>true</AllowCustomization>
  <PredefinedButtons>Done</PredefinedButtons>
  <Modal>false</Modal>
  <ItemBordersVisible>false</ItemBordersVisible>
  <IsLauncherPage>false</IsLauncherPage>
  <ShowOnPlaceComponent>false</ShowOnPlaceComponent>
  <Guid>6b96809f-6b31-4fff-a1c2-df380ca200f5</Guid>
</FormSpecification>